model,roc_auc,precision,recall,f1,accuracy
Logistic Regression,0.9776212634651487,0.7573363431151241,0.9358437935843794,0.8371802869619464,0.913
XGBoost,0.9763004830439773,0.7792521109770808,0.900976290097629,0.8357050452781372,0.9153333333333333
Random Forest,0.9657220215393507,0.7604790419161677,0.8856345885634589,0.8182989690721649,0.906
